target	status	commit	ci_job
afib1 | x86_64	success	0871231e2460e7a0218cf2f26ba60bdecc902779	https://github.com/neurodesk/neurocontainers/actions/runs/34131373058/job/101772144181
afib1_arm64 | aarch64	success	0871231e2460e7a0218cf2f26ba60bdecc902779	https://github.com/neurodesk/neurocontainers/actions/runs/34131373058/job/101772144273
afni | x86_64	success	0871231e2460e7a0218cf2f26ba60bdecc902779	https://github.com/neurodesk/neurocontainers/actions/runs/34131373058/job/101772144183
aidamri | x86_64	success	669ee1cc9622fc65e71f77ca34717d5d2a666988	https://github.com/neurodesk/neurocontainers/actions/runs/34298722483/job/102300913738
amico | x86_64	success	4f2fa5a84317f6b226c43624e1a15b6c2039b736	https://github.com/neurodesk/neurocontainers/actions/runs/34132025245/job/101774181814
amico_arm64 | aarch64	success	4f2fa5a84317f6b226c43624e1a15b6c2039b736	https://github.com/neurodesk/neurocontainers/actions/runs/34132028732/job/101774204645
ants | x86_64	success	669ee1cc9622fc65e71f77ca34717d5d2a666988	https://github.com/neurodesk/neurocontainers/actions/runs/34298722483/job/102300913693
apptainer | x86_64	success	669ee1cc9622fc65e71f77ca34717d5d2a666988	https://github.com/neurodesk/neurocontainers/actions/runs/34298722483/job/102300913733
apptainer_arm64 | aarch64	success	669ee1cc9622fc65e71f77ca34717d5d2a666988	https://github.com/neurodesk/neurocontainers/actions/runs/34298658178/job/102300709073
arfiproc | x86_64	success	4f2fa5a84317f6b226c43624e1a15b6c2039b736	https://github.com/neurodesk/neurocontainers/actions/runs/34132025245/job/101774181832
arfiproc_arm64 | aarch64	success	0871231e2460e7a0218cf2f26ba60bdecc902779	https://github.com/neurodesk/neurocontainers/actions/runs/34131373058/job/101772144259
ashs | x86_64	success	4f2fa5a84317f6b226c43624e1a15b6c2039b736	https://github.com/neurodesk/neurocontainers/actions/runs/34132025245/job/101774181826
aslprep | x86_64	success	669ee1cc9622fc65e71f77ca34717d5d2a666988	https://github.com/neurodesk/neurocontainers/actions/runs/34298722483/job/102300913703
b0map | x86_64	success	0871231e2460e7a0218cf2f26ba60bdecc902779	https://github.com/neurodesk/neurocontainers/actions/runs/34131373058/job/101772144283
b0map_arm64 | aarch64	success	0871231e2460e7a0218cf2f26ba60bdecc902779	https://github.com/neurodesk/neurocontainers/actions/runs/34131373058/job/101772144219
bart | x86_64	success	0871231e2460e7a0218cf2f26ba60bdecc902779	https://github.com/neurodesk/neurocontainers/actions/runs/34131373058/job/101772144220
batchheudiconv | x86_64	success	0871231e2460e7a0218cf2f26ba60bdecc902779	https://github.com/neurodesk/neurocontainers/actions/runs/34131373058/job/101772144287
batchheudiconv_arm64 | aarch64	success	0871231e2460e7a0218cf2f26ba60bdecc902779	https://github.com/neurodesk/neurocontainers/actions/runs/34131373058/job/101772144326
bcbtoolkit | x86_64	success	0871231e2460e7a0218cf2f26ba60bdecc902779	https://github.com/neurodesk/neurocontainers/actions/runs/34131373058/job/101772144265
bidsappaa | x86_64	success	6bdf880c004ec01fa971e76dbdf0e5c3138dc65e	https://github.com/neurodesk/neurocontainers/actions/runs/34138381897/job/101794612034
bidsappbaracus | x86_64	success	6bdf880c004ec01fa971e76dbdf0e5c3138dc65e	https://github.com/neurodesk/neurocontainers/actions/runs/34138381897/job/101794612042
bidsappbrainsuite | x86_64	success	0871231e2460e7a0218cf2f26ba60bdecc902779	https://github.com/neurodesk/neurocontainers/actions/runs/34131373058/job/101772144266
bidsapphcppipelines | x86_64	success	0871231e2460e7a0218cf2f26ba60bdecc902779	https://github.com/neurodesk/neurocontainers/actions/runs/34131373058/job/101772144306
bidsappmrtrix3connectome | x86_64	success	0871231e2460e7a0218cf2f26ba60bdecc902779	https://github.com/neurodesk/neurocontainers/actions/runs/34131373058/job/101772145856
bidsapppymvpa | x86_64	success	0871231e2460e7a0218cf2f26ba60bdecc902779	https://github.com/neurodesk/neurocontainers/actions/runs/34131373058/job/101772145910
bidsappspm | x86_64	success	b2cb602d34c28184dd7c5483a5a23d96025069bf	https://github.com/neurodesk/neurocontainers/actions/runs/34136126095/job/101787456343
bidscoin | x86_64	success	035d6f27c5ed1f9c46b0f2879c6492975cff45d9	https://github.com/neurodesk/neurocontainers/actions/runs/34299375988/job/102302877296
bidscoin_arm64 | aarch64	success	035d6f27c5ed1f9c46b0f2879c6492975cff45d9	https://github.com/neurodesk/neurocontainers/actions/runs/34299375988/job/102302877300
bidsmanager | x86_64	success	669ee1cc9622fc65e71f77ca34717d5d2a666988	https://github.com/neurodesk/neurocontainers/actions/runs/34298722483/job/102300913706
bidsmanager_arm64 | aarch64	success	669ee1cc9622fc65e71f77ca34717d5d2a666988	https://github.com/neurodesk/neurocontainers/actions/runs/34298658178/job/102300709047
bidsme | x86_64	success	384df034031e2181e602fa90a0dc17fc2331916b	https://github.com/neurodesk/neurocontainers/actions/runs/34134545602/job/101782352739
bidsme_arm64 | aarch64	success	384df034031e2181e602fa90a0dc17fc2331916b	https://github.com/neurodesk/neurocontainers/actions/runs/34134545602/job/101782352813
bidstools | x86_64	success	384df034031e2181e602fa90a0dc17fc2331916b	https://github.com/neurodesk/neurocontainers/actions/runs/34134545602/job/101782352768
bidstools_arm64 | aarch64	success	384df034031e2181e602fa90a0dc17fc2331916b	https://github.com/neurodesk/neurocontainers/actions/runs/34134545602/job/101782352836
bidsvue | x86_64	success	669ee1cc9622fc65e71f77ca34717d5d2a666988	https://github.com/neurodesk/neurocontainers/actions/runs/34298722483/job/102300913681
blastct | x86_64	success	384df034031e2181e602fa90a0dc17fc2331916b	https://github.com/neurodesk/neurocontainers/actions/runs/34134545602/job/101782352715
blastct_arm64 | aarch64	success	384df034031e2181e602fa90a0dc17fc2331916b	https://github.com/neurodesk/neurocontainers/actions/runs/34134545602/job/101782352669
blender | x86_64	success	669ee1cc9622fc65e71f77ca34717d5d2a666988	https://github.com/neurodesk/neurocontainers/actions/runs/34298722483/job/102300913699
blochsiegertb1mapping | x86_64	success	0871231e2460e7a0218cf2f26ba60bdecc902779	https://github.com/neurodesk/neurocontainers/actions/runs/34131373058/job/101772146255
braid | x86_64	success	c1f03b2b85e86573e1d5e78d9af55faf1d1cb2b5	https://github.com/neurodesk/neurocontainers/actions/runs/34316207020/job/102352883714
brainager | x86_64	success	f9071635501b833c7e5b19ba48ac18e36c116eb9	https://github.com/neurodesk/neurocontainers/actions/runs/34137219518/job/101790925643
brainles-aurora | x86_64	success	0871231e2460e7a0218cf2f26ba60bdecc902779	https://github.com/neurodesk/neurocontainers/actions/runs/34131373058/job/101772147565
brainles-preprocessing | x86_64	success	8b5ba62b9be977a6d3f109db3a5ace2116fec5d1	https://github.com/neurodesk/neurocontainers/actions/runs/34317558162/job/102356914887
brainlesion | x86_64	success	0871231e2460e7a0218cf2f26ba60bdecc902779	https://github.com/neurodesk/neurocontainers/actions/runs/34131373058/job/101772148046
brainlifecli | x86_64	success	0871231e2460e7a0218cf2f26ba60bdecc902779	https://github.com/neurodesk/neurocontainers/actions/runs/34131373058/job/101772147876
brainnetviewer | x86_64	success	b7f552bdae0a52db20616daa26a91af604b738d9	https://github.com/neurodesk/neurocontainers/actions/runs/34139410693/job/101797825471
brainstorm | x86_64	success	777a50730f24124e9e4dfb8834c298d0571f3901	https://github.com/neurodesk/neurocontainers/actions/runs/34139694268/job/101798708128
brainsuite | x86_64	success	669ee1cc9622fc65e71f77ca34717d5d2a666988	https://github.com/neurodesk/neurocontainers/actions/runs/34298722483/job/102300913696
brainvisa | x86_64	success	669ee1cc9622fc65e71f77ca34717d5d2a666988	https://github.com/neurodesk/neurocontainers/actions/runs/34298722483/job/102300913688
brats | x86_64	success	0871231e2460e7a0218cf2f26ba60bdecc902779	https://github.com/neurodesk/neurocontainers/actions/runs/34131373058/job/101772147777
brkraw | x86_64	success	669ee1cc9622fc65e71f77ca34717d5d2a666988	https://github.com/neurodesk/neurocontainers/actions/runs/34298722483/job/102300913736
builder | x86_64	success	0871231e2460e7a0218cf2f26ba60bdecc902779	https://github.com/neurodesk/neurocontainers/actions/runs/34131373058/job/101772147864
builder_arm64 | aarch64	success	0871231e2460e7a0218cf2f26ba60bdecc902779	https://github.com/neurodesk/neurocontainers/actions/runs/34131373058/job/101772147879
cartool | x86_64	success	669ee1cc9622fc65e71f77ca34717d5d2a666988	https://github.com/neurodesk/neurocontainers/actions/runs/34298722483/job/102300913764
cat12 | x86_64	success	d5b8c704df00fcf4883861326b1d245f02e607fc	https://github.com/neurodesk/neurocontainers/actions/runs/34300071379/job/102304935146
cbsb0stats | x86_64	success	0871231e2460e7a0218cf2f26ba60bdecc902779	https://github.com/neurodesk/neurocontainers/actions/runs/34131373058/job/101772148902
cbsb0stats_arm64 | aarch64	success	0871231e2460e7a0218cf2f26ba60bdecc902779	https://github.com/neurodesk/neurocontainers/actions/runs/34131373058/job/101772148998
civet | x86_64	success	0871231e2460e7a0218cf2f26ba60bdecc902779	https://github.com/neurodesk/neurocontainers/actions/runs/34131373058/job/101772149183
clearswi | x86_64	success	f5d74dec4f3139421afcdc172aee29ed7904134b	https://github.com/neurodesk/neurocontainers/actions/runs/34315608253/job/102351094396
clinica | x86_64	success	38cd3c62dea9f3af4af13a45fa6edbf4d94c1426	https://github.com/neurodesk/neurocontainers/actions/runs/34299590103/job/102303519208
clinicadl | x86_64	success	38cd3c62dea9f3af4af13a45fa6edbf4d94c1426	https://github.com/neurodesk/neurocontainers/actions/runs/34299590103/job/102303519196
code | x86_64	success	0871231e2460e7a0218cf2f26ba60bdecc902779	https://github.com/neurodesk/neurocontainers/actions/runs/34131373058/job/101772149167
condaenvs | x86_64	success	b2cb602d34c28184dd7c5483a5a23d96025069bf	https://github.com/neurodesk/neurocontainers/actions/runs/34136126095/job/101787456528
condaenvs_arm64 | aarch64	success	b2cb602d34c28184dd7c5483a5a23d96025069bf	https://github.com/neurodesk/neurocontainers/actions/runs/34136126095/job/101787456363
conn | x86_64	success	0871231e2460e7a0218cf2f26ba60bdecc902779	https://github.com/neurodesk/neurocontainers/actions/runs/34131373058/job/101772149282
connectomemapper3 | x86_64	success	0871231e2460e7a0218cf2f26ba60bdecc902779	https://github.com/neurodesk/neurocontainers/actions/runs/34131373058/job/101772149356
connectomeworkbench | x86_64	success	0871231e2460e7a0218cf2f26ba60bdecc902779	https://github.com/neurodesk/neurocontainers/actions/runs/34131373058/job/101772149477
convert3d | x86_64	success	0871231e2460e7a0218cf2f26ba60bdecc902779	https://github.com/neurodesk/neurocontainers/actions/runs/34131373058/job/101772149569
cosmomvpa | x86_64	success	b2cb602d34c28184dd7c5483a5a23d96025069bf	https://github.com/neurodesk/neurocontainers/actions/runs/34136126095/job/101787456422
cosmomvpa_arm64 | aarch64	success	b2cb602d34c28184dd7c5483a5a23d96025069bf	https://github.com/neurodesk/neurocontainers/actions/runs/34136126095/job/101787456501
cpac | x86_64	success	0871231e2460e7a0218cf2f26ba60bdecc902779	https://github.com/neurodesk/neurocontainers/actions/runs/34131373058/job/101772150576
dafne | x86_64	success	a945b55c9145ebf3884a5af0e1405f9ad2434f3e	https://github.com/neurodesk/neurocontainers/actions/runs/34375284238/job/102546575967
dafne_arm64 | aarch64	success	a945b55c9145ebf3884a5af0e1405f9ad2434f3e	https://github.com/neurodesk/neurocontainers/actions/runs/34375284238/job/102546576288
datalad | x86_64	success	237eeab254d4478355d43ac88eb32ae8f1aacd24	https://github.com/neurodesk/neurocontainers/actions/runs/34130947151/job/101770701402
datalad_arm64 | aarch64	success	237eeab254d4478355d43ac88eb32ae8f1aacd24	https://github.com/neurodesk/neurocontainers/actions/runs/34130947151/job/101770701362
dcm2bids | x86_64	success	669ee1cc9622fc65e71f77ca34717d5d2a666988	https://github.com/neurodesk/neurocontainers/actions/runs/34298722483/job/102300913741
dcm2bids_arm64 | aarch64	success	669ee1cc9622fc65e71f77ca34717d5d2a666988	https://github.com/neurodesk/neurocontainers/actions/runs/34298658178/job/102300709077
dcm2niix | x86_64	success	669ee1cc9622fc65e71f77ca34717d5d2a666988	https://github.com/neurodesk/neurocontainers/actions/runs/34298722483/job/102300913708
dcm2niix_arm64 | aarch64	success	669ee1cc9622fc65e71f77ca34717d5d2a666988	https://github.com/neurodesk/neurocontainers/actions/runs/34298658178/job/102300709109
deep-quality-estimation | x86_64	success	0871231e2460e7a0218cf2f26ba60bdecc902779	https://github.com/neurodesk/neurocontainers/actions/runs/34131373058/job/101772150686
deepdisco | x86_64	success	0871231e2460e7a0218cf2f26ba60bdecc902779	https://github.com/neurodesk/neurocontainers/actions/runs/34131373058/job/101772150832
deepisles | x86_64	success	80d44ba13572e47bc7ec43beb013529b318f931e	https://github.com/neurodesk/neurocontainers/actions/runs/34321555059/job/102369173270
deeplabcut | x86_64	success	669ee1cc9622fc65e71f77ca34717d5d2a666988	https://github.com/neurodesk/neurocontainers/actions/runs/34298722483/job/102300914743
deepretinotopy | x86_64	success	b2cb602d34c28184dd7c5483a5a23d96025069bf	https://github.com/neurodesk/neurocontainers/actions/runs/34136126095/job/101787456462
deepsif | x86_64	success	b7f552bdae0a52db20616daa26a91af604b738d9	https://github.com/neurodesk/neurocontainers/actions/runs/34139410693/job/101797825435
deepwmh | x86_64	success	0871231e2460e7a0218cf2f26ba60bdecc902779	https://github.com/neurodesk/neurocontainers/actions/runs/34131373058/job/101772151106
delphi | x86_64	success	11b46633a9d5a6942af4cf0ba2016aa968430b41	https://github.com/neurodesk/neurocontainers/actions/runs/34297055494/job/102295886446
dhcpstructuralpipeline | x86_64	success	0871231e2460e7a0218cf2f26ba60bdecc902779	https://github.com/neurodesk/neurocontainers/actions/runs/34131373058/job/101772151810
dicompare | x86_64	success	dc070130de2843195234234e2e4dc1e512f0deff	https://github.com/neurodesk/neurocontainers/actions/runs/34299307757/job/102302676130
dicompare_arm64 | aarch64	success	dc070130de2843195234234e2e4dc1e512f0deff	https://github.com/neurodesk/neurocontainers/actions/runs/34299307757/job/102302676131
dicomtools | x86_64	success	8a8123bc23681dcd191f84351d7021a009ea5a84	https://github.com/neurodesk/neurocontainers/actions/runs/34137696521/job/101792428279
diffusiontoolkit | x86_64	success	0871231e2460e7a0218cf2f26ba60bdecc902779	https://github.com/neurodesk/neurocontainers/actions/runs/34131373058/job/101772151948
dsistudio | x86_64	success	3cf9927f7f473ba3b10989ce2111e5b27c9c327b	https://github.com/neurodesk/neurocontainers/actions/runs/34142118863/job/101806210621
dwidenoise2 | x86_64	success	0871231e2460e7a0218cf2f26ba60bdecc902779	https://github.com/neurodesk/neurocontainers/actions/runs/34131373058/job/101772152101
eeglab | x86_64	success	777a50730f24124e9e4dfb8834c298d0571f3901	https://github.com/neurodesk/neurocontainers/actions/runs/34139694268/job/101798708166
eharmonize | x86_64	success	f9071635501b833c7e5b19ba48ac18e36c116eb9	https://github.com/neurodesk/neurocontainers/actions/runs/34137219518/job/101790925636
eharmonize_arm64 | aarch64	success	f9071635501b833c7e5b19ba48ac18e36c116eb9	https://github.com/neurodesk/neurocontainers/actions/runs/34137219518/job/101790925759
elastix | x86_64	success	669ee1cc9622fc65e71f77ca34717d5d2a666988	https://github.com/neurodesk/neurocontainers/actions/runs/34298722483/job/102300914971
emuses | x86_64	success	669ee1cc9622fc65e71f77ca34717d5d2a666988	https://github.com/neurodesk/neurocontainers/actions/runs/34298722483/job/102300914769
enigma-pd-wml | x86_64	success	669ee1cc9622fc65e71f77ca34717d5d2a666988	https://github.com/neurodesk/neurocontainers/actions/runs/34298722483/job/102300914860
esilpd | x86_64	success	b7f552bdae0a52db20616daa26a91af604b738d9	https://github.com/neurodesk/neurocontainers/actions/runs/34139410693/job/101797825450
exploreasl | x86_64	success	0871231e2460e7a0218cf2f26ba60bdecc902779	https://github.com/neurodesk/neurocontainers/actions/runs/34131373058/job/101772152993
ezbids | x86_64	success	0871231e2460e7a0218cf2f26ba60bdecc902779	https://github.com/neurodesk/neurocontainers/actions/runs/34131373058/job/101772153124
fastcsr | x86_64	success	7d8abce65b8ac512e15d0f97795f44a82473d9b1	https://github.com/neurodesk/neurocontainers/actions/runs/34141121164/job/101803171364
fastsurfer | x86_64	success	669ee1cc9622fc65e71f77ca34717d5d2a666988	https://github.com/neurodesk/neurocontainers/actions/runs/34298722483/job/102300914849
fatsegnet | x86_64	success	ae3b819f9865d30e9b6e30e162a2921a419c9933	https://github.com/neurodesk/neurocontainers/actions/runs/34314380819/job/102347458710
fetalsegmentation | x86_64	success	0871231e2460e7a0218cf2f26ba60bdecc902779	https://github.com/neurodesk/neurocontainers/actions/runs/34131373058/job/101772153463
fetalsynthseg | x86_64	success	0871231e2460e7a0218cf2f26ba60bdecc902779	https://github.com/neurodesk/neurocontainers/actions/runs/34131373058/job/101772153891
fieldtrip | x86_64	success	7656826e1dbaa870e353f66101937e707341f6e7	https://github.com/neurodesk/neurocontainers/actions/runs/34138729044/job/101795675422
fitlins | x86_64	success	669ee1cc9622fc65e71f77ca34717d5d2a666988	https://github.com/neurodesk/neurocontainers/actions/runs/34298722483/job/102300915193
fitlins_arm64 | aarch64	success	669ee1cc9622fc65e71f77ca34717d5d2a666988	https://github.com/neurodesk/neurocontainers/actions/runs/34298658178/job/102300709110
flames | x86_64	success	0871231e2460e7a0218cf2f26ba60bdecc902779	https://github.com/neurodesk/neurocontainers/actions/runs/34131373058/job/101772153817
fmriprep | x86_64	success	669ee1cc9622fc65e71f77ca34717d5d2a666988	https://github.com/neurodesk/neurocontainers/actions/runs/34298722483/job/102300915011
freesurfer | x86_64	success	669ee1cc9622fc65e71f77ca34717d5d2a666988	https://github.com/neurodesk/neurocontainers/actions/runs/34298722483/job/102300915140
fsl | x86_64	success	868380067fa08e42c2f88cf548e9a9136c093976	https://github.com/neurodesk/neurocontainers/actions/runs/34315574052/job/102350987506
fsqc | x86_64	success	0871231e2460e7a0218cf2f26ba60bdecc902779	https://github.com/neurodesk/neurocontainers/actions/runs/34131373058/job/101772154012
functionnectome | x86_64	success	669ee1cc9622fc65e71f77ca34717d5d2a666988	https://github.com/neurodesk/neurocontainers/actions/runs/34298722483/job/102300915721
functionnectome_arm64 | aarch64	success	669ee1cc9622fc65e71f77ca34717d5d2a666988	https://github.com/neurodesk/neurocontainers/actions/runs/34298658178/job/102300709035
gigaconnectome | x86_64	success	0871231e2460e7a0218cf2f26ba60bdecc902779	https://github.com/neurodesk/neurocontainers/actions/runs/34131373058/job/101772154189
gimp | x86_64	success	237eeab254d4478355d43ac88eb32ae8f1aacd24	https://github.com/neurodesk/neurocontainers/actions/runs/34130947151/job/101770701538
gimp_arm64 | aarch64	success	237eeab254d4478355d43ac88eb32ae8f1aacd24	https://github.com/neurodesk/neurocontainers/actions/runs/34130947151/job/101770701416
gingerale | x86_64	success	b7f552bdae0a52db20616daa26a91af604b738d9	https://github.com/neurodesk/neurocontainers/actions/runs/34139410693/job/101797825483
gliomoda | x86_64	success	0871231e2460e7a0218cf2f26ba60bdecc902779	https://github.com/neurodesk/neurocontainers/actions/runs/34131373058/job/101772154781
glmsingle | x86_64	success	13fdb1eba6feac899cd9c66e466efc1772c0a597	https://github.com/neurodesk/neurocontainers/actions/runs/34315497170/job/102350770796
glmsingle_arm64 | aarch64	success	13fdb1eba6feac899cd9c66e466efc1772c0a597	https://github.com/neurodesk/neurocontainers/actions/runs/34315497170/job/102350770839
globus | x86_64	success	69901ceee8f6315aa7d6cece357ad72d7817b9a2	https://github.com/neurodesk/neurocontainers/actions/runs/34300461592/job/102306111478
globus_arm64 | aarch64	success	69901ceee8f6315aa7d6cece357ad72d7817b9a2	https://github.com/neurodesk/neurocontainers/actions/runs/34300461592/job/102306111504
gouhfi | x86_64	success	4002db21ea32127232f7dd3fcf57bba5088998e5	https://github.com/neurodesk/neurocontainers/actions/runs/34315697258/job/102351363747
gouhfi_arm64 | aarch64	success	4002db21ea32127232f7dd3fcf57bba5088998e5	https://github.com/neurodesk/neurocontainers/actions/runs/34315697258/job/102351363787
halfpipe | x86_64	success	0871231e2460e7a0218cf2f26ba60bdecc902779	https://github.com/neurodesk/neurocontainers/actions/runs/34131373058/job/101772155007
hcpasl | x86_64	success	d19ee590f94728dbfeeb529c4813b130db2cefa2	https://github.com/neurodesk/neurocontainers/actions/runs/34316405407/job/102353485778
hdbet | x86_64	success	396c5013c639845b4cd609dcc0822680f6fae027	https://github.com/neurodesk/neurocontainers/actions/runs/34315446561/job/102350624694
hdbet_arm64 | aarch64	success	396c5013c639845b4cd609dcc0822680f6fae027	https://github.com/neurodesk/neurocontainers/actions/runs/34315446561/job/102350624653
heudiconv | x86_64	success	669ee1cc9622fc65e71f77ca34717d5d2a666988	https://github.com/neurodesk/neurocontainers/actions/runs/34298722483/job/102300916009
heudiconv_arm64 | aarch64	success	669ee1cc9622fc65e71f77ca34717d5d2a666988	https://github.com/neurodesk/neurocontainers/actions/runs/34298658178/job/102300709064
hmri | x86_64	success	669ee1cc9622fc65e71f77ca34717d5d2a666988	https://github.com/neurodesk/neurocontainers/actions/runs/34298722483/job/102300916095
hnncore | x86_64	success	7d8abce65b8ac512e15d0f97795f44a82473d9b1	https://github.com/neurodesk/neurocontainers/actions/runs/34141121164/job/101803171395
hnncore_arm64 | aarch64	success	7d8abce65b8ac512e15d0f97795f44a82473d9b1	https://github.com/neurodesk/neurocontainers/actions/runs/34141121164/job/101803171317
hypermapp3r | x86_64	success	0871231e2460e7a0218cf2f26ba60bdecc902779	https://github.com/neurodesk/neurocontainers/actions/runs/34131373058/job/101772155309
ilastik | x86_64	success	0871231e2460e7a0218cf2f26ba60bdecc902779	https://github.com/neurodesk/neurocontainers/actions/runs/34131373058/job/101772155663
irkernel | x86_64	success	825e01afaf06100ae74ca1ac0203a8a85b807b35	https://github.com/neurodesk/neurocontainers/actions/runs/34139942291/job/101799499078
irkernel_arm64 | aarch64	success	825e01afaf06100ae74ca1ac0203a8a85b807b35	https://github.com/neurodesk/neurocontainers/actions/runs/34139942291/job/101799499040
itksnap | x86_64	success	669ee1cc9622fc65e71f77ca34717d5d2a666988	https://github.com/neurodesk/neurocontainers/actions/runs/34298722483/job/102300916310
jamovi | x86_64	success	669ee1cc9622fc65e71f77ca34717d5d2a666988	https://github.com/neurodesk/neurocontainers/actions/runs/34298722483/job/102300916371
jidt | x86_64	success	4002db21ea32127232f7dd3fcf57bba5088998e5	https://github.com/neurodesk/neurocontainers/actions/runs/34315697258/job/102351363834
julia | x86_64	success	777a50730f24124e9e4dfb8834c298d0571f3901	https://github.com/neurodesk/neurocontainers/actions/runs/34139694268/job/101798708158
julia_arm64 | aarch64	success	777a50730f24124e9e4dfb8834c298d0571f3901	https://github.com/neurodesk/neurocontainers/actions/runs/34139694268/job/101798708138
lashis | x86_64	success	868380067fa08e42c2f88cf548e9a9136c093976	https://github.com/neurodesk/neurocontainers/actions/runs/34315574052/job/102350987539
laynii | x86_64	success	0871231e2460e7a0218cf2f26ba60bdecc902779	https://github.com/neurodesk/neurocontainers/actions/runs/34131373058/job/101772156295
lcmodel | x86_64	success	7d8abce65b8ac512e15d0f97795f44a82473d9b1	https://github.com/neurodesk/neurocontainers/actions/runs/34141121164/job/101803171324
lesionquantificationtoolkit | x86_64	success	0871231e2460e7a0218cf2f26ba60bdecc902779	https://github.com/neurodesk/neurocontainers/actions/runs/34131373058/job/101772156719
lesymap | x86_64	success	825e01afaf06100ae74ca1ac0203a8a85b807b35	https://github.com/neurodesk/neurocontainers/actions/runs/34139942291/job/101799499120
libreoffice | x86_64	success	69901ceee8f6315aa7d6cece357ad72d7817b9a2	https://github.com/neurodesk/neurocontainers/actions/runs/34300461592/job/102306111506
libreoffice_arm64 | aarch64	success	69901ceee8f6315aa7d6cece357ad72d7817b9a2	https://github.com/neurodesk/neurocontainers/actions/runs/34300461592/job/102306111498
linda | x86_64	success	0871231e2460e7a0218cf2f26ba60bdecc902779	https://github.com/neurodesk/neurocontainers/actions/runs/34131373058/job/101772156879
lipsia | x86_64	success	669ee1cc9622fc65e71f77ca34717d5d2a666988	https://github.com/neurodesk/neurocontainers/actions/runs/34298722483/job/102300916635
lqt | x86_64	success	0871231e2460e7a0218cf2f26ba60bdecc902779	https://github.com/neurodesk/neurocontainers/actions/runs/34131373058/job/101772157329
lqt_arm64 | aarch64	success	0871231e2460e7a0218cf2f26ba60bdecc902779	https://github.com/neurodesk/neurocontainers/actions/runs/34131373058/job/101772157349
lstai | x86_64	success	5922777f2d97afc59d0bcb377c74095d5cc8c7d8	https://github.com/neurodesk/neurocontainers/actions/runs/34142766712/job/101808255955
matlab | x86_64	success	868380067fa08e42c2f88cf548e9a9136c093976	https://github.com/neurodesk/neurocontainers/actions/runs/34315574052/job/102350987550
matlabruntime | x86_64	success	669ee1cc9622fc65e71f77ca34717d5d2a666988	https://github.com/neurodesk/neurocontainers/actions/runs/34298722483/job/102300916734
mede | x86_64	success	669ee1cc9622fc65e71f77ca34717d5d2a666988	https://github.com/neurodesk/neurocontainers/actions/runs/34298722483/job/102300916832
mede_arm64 | aarch64	success	669ee1cc9622fc65e71f77ca34717d5d2a666988	https://github.com/neurodesk/neurocontainers/actions/runs/34298658178/job/102300709209
meganorm | x86_64	success	669ee1cc9622fc65e71f77ca34717d5d2a666988	https://github.com/neurodesk/neurocontainers/actions/runs/34298722483/job/102300917124
megnet | x86_64	success	2f358f23b2008560a471b1845ad34fce84ec829b	https://github.com/neurodesk/neurocontainers/actions/runs/34284995528/job/102258455367
meica | x86_64	success	0871231e2460e7a0218cf2f26ba60bdecc902779	https://github.com/neurodesk/neurocontainers/actions/runs/34131373058/job/101772158004
metabody | x86_64	success	0871231e2460e7a0218cf2f26ba60bdecc902779	https://github.com/neurodesk/neurocontainers/actions/runs/34131373058/job/101772158341
mfcsc | x86_64	success	777a50730f24124e9e4dfb8834c298d0571f3901	https://github.com/neurodesk/neurocontainers/actions/runs/34139694268/job/101798708282
mgltools | x86_64	success	bd4202a19f3fde3f797abb32dda00a77414e902f	https://github.com/neurodesk/neurocontainers/actions/runs/34143900281/job/101811683005
micapipe | x86_64	success	76b40361adad6429bc2b2a71839f09bc0d63eac9	https://github.com/neurodesk/neurocontainers/actions/runs/34143922108/job/101811771417
mimosa | x86_64	success	0871231e2460e7a0218cf2f26ba60bdecc902779	https://github.com/neurodesk/neurocontainers/actions/runs/34131373058/job/101772158727
minc | x86_64	success	0871231e2460e7a0218cf2f26ba60bdecc902779	https://github.com/neurodesk/neurocontainers/actions/runs/34131373058/job/101772159003
mipav | x86_64	success	76b40361adad6429bc2b2a71839f09bc0d63eac9	https://github.com/neurodesk/neurocontainers/actions/runs/34143922108/job/101811771327
mipav_arm64 | aarch64	success	76b40361adad6429bc2b2a71839f09bc0d63eac9	https://github.com/neurodesk/neurocontainers/actions/runs/34143922108/job/101811771403
mipview | x86_64	success	0871231e2460e7a0218cf2f26ba60bdecc902779	https://github.com/neurodesk/neurocontainers/actions/runs/34131373058/job/101772159643
mitkdiffusion | x86_64	success	384df034031e2181e602fa90a0dc17fc2331916b	https://github.com/neurodesk/neurocontainers/actions/runs/34134545602/job/101782352868
mne | x86_64	success	669ee1cc9622fc65e71f77ca34717d5d2a666988	https://github.com/neurodesk/neurocontainers/actions/runs/34298722483/job/102300917244
mneextended | x86_64	success	720fc983058aff2e6f86eed9c49f353784cf770f	https://github.com/neurodesk/neurocontainers/actions/runs/34283161382/job/102252524023
modsort | x86_64	success	669ee1cc9622fc65e71f77ca34717d5d2a666988	https://github.com/neurodesk/neurocontainers/actions/runs/34298722483/job/102300917198
mricrogl | x86_64	success	669ee1cc9622fc65e71f77ca34717d5d2a666988	https://github.com/neurodesk/neurocontainers/actions/runs/34298722483/job/102300917303
mricron | x86_64	success	869adc47aea0d916ff9e2ecd602b73e3270ffe5d	https://github.com/neurodesk/neurocontainers/actions/runs/34315987992/job/102352237959
mricron_arm64 | aarch64	success	869adc47aea0d916ff9e2ecd602b73e3270ffe5d	https://github.com/neurodesk/neurocontainers/actions/runs/34315987992/job/102352237903
mriqc | x86_64	success	0871231e2460e7a0218cf2f26ba60bdecc902779	https://github.com/neurodesk/neurocontainers/actions/runs/34131373058/job/101772160128
mritools | x86_64	success	669ee1cc9622fc65e71f77ca34717d5d2a666988	https://github.com/neurodesk/neurocontainers/actions/runs/34298722483/job/102300917542
mrsimetabolicconnectome | x86_64	success	0871231e2460e7a0218cf2f26ba60bdecc902779	https://github.com/neurodesk/neurocontainers/actions/runs/34131373058/job/101772160099
mrsiproc | x86_64	success	6bbb7a974946c1ed57023052ff0feba4807ed283	https://github.com/neurodesk/neurocontainers/actions/runs/34319003665/job/102361325234
mrtrix3 | x86_64	success	38cd3c62dea9f3af4af13a45fa6edbf4d94c1426	https://github.com/neurodesk/neurocontainers/actions/runs/34299590103/job/102303519203
mrtrix3src | x86_64	success	0871231e2460e7a0218cf2f26ba60bdecc902779	https://github.com/neurodesk/neurocontainers/actions/runs/34131373058/job/101772160536
mrtrix3tissue | x86_64	success	c1f03b2b85e86573e1d5e78d9af55faf1d1cb2b5	https://github.com/neurodesk/neurocontainers/actions/runs/34316207020/job/102352883760
musclemap | x86_64	success	0871231e2460e7a0218cf2f26ba60bdecc902779	https://github.com/neurodesk/neurocontainers/actions/runs/34131373058/job/101772160458
napari | x86_64	success	669ee1cc9622fc65e71f77ca34717d5d2a666988	https://github.com/neurodesk/neurocontainers/actions/runs/34298722483/job/102300917604
nesvor | x86_64	success	0871231e2460e7a0218cf2f26ba60bdecc902779	https://github.com/neurodesk/neurocontainers/actions/runs/34131373058/job/101772160723
networkcorrespondancetoolkit | x86_64	success	863604d056ed7c906fd5968c19ff2af3529b4409	https://github.com/neurodesk/neurocontainers/actions/runs/34284839411/job/102257956242
neurocommand | x86_64	success	0871231e2460e7a0218cf2f26ba60bdecc902779	https://github.com/neurodesk/neurocontainers/actions/runs/34131373058/job/101772160884
neurodesktop-lite | x86_64	success	179ce385b29e33d9d4896142bb0712c61e1094b0	https://github.com/neurodesk/neurocontainers/actions/runs/34283066926/job/102252222673
neurodesktop-lite_arm64 | aarch64	success	179ce385b29e33d9d4896142bb0712c61e1094b0	https://github.com/neurodesk/neurocontainers/actions/runs/34283066926/job/102252222682
neurodock | x86_64	success	fc010581a96ad860dc0fab28487aa0bad61f0ac8	https://github.com/neurodesk/neurocontainers/actions/runs/34282950701/job/102251839467
nftsim | x86_64	success	0871231e2460e7a0218cf2f26ba60bdecc902779	https://github.com/neurodesk/neurocontainers/actions/runs/34131373058/job/101772161623
nibabies | x86_64	success	0871231e2460e7a0218cf2f26ba60bdecc902779	https://github.com/neurodesk/neurocontainers/actions/runs/34131373058/job/101772161813
niftymic | x86_64	success	0871231e2460e7a0218cf2f26ba60bdecc902779	https://github.com/neurodesk/neurocontainers/actions/runs/34131373058/job/101772161841
niftyreg | x86_64	success	0871231e2460e7a0218cf2f26ba60bdecc902779	https://github.com/neurodesk/neurocontainers/actions/runs/34131373058/job/101772162201
niftyreg_arm64 | aarch64	success	0871231e2460e7a0218cf2f26ba60bdecc902779	https://github.com/neurodesk/neurocontainers/actions/runs/34131373058/job/101772162256
nighres | x86_64	success	0871231e2460e7a0218cf2f26ba60bdecc902779	https://github.com/neurodesk/neurocontainers/actions/runs/34131373058/job/101772162353
nighres_arm64 | aarch64	success	0871231e2460e7a0218cf2f26ba60bdecc902779	https://github.com/neurodesk/neurocontainers/actions/runs/34131373058/job/101772162456
niimath | x86_64	success	0871231e2460e7a0218cf2f26ba60bdecc902779	https://github.com/neurodesk/neurocontainers/actions/runs/34131373058/job/101772162443
niimath_arm64 | aarch64	success	0871231e2460e7a0218cf2f26ba60bdecc902779	https://github.com/neurodesk/neurocontainers/actions/runs/34131373058/job/101772162590
niistat | x86_64	success	669ee1cc9622fc65e71f77ca34717d5d2a666988	https://github.com/neurodesk/neurocontainers/actions/runs/34298722483/job/102300917652
niistat_arm64 | aarch64	success	669ee1cc9622fc65e71f77ca34717d5d2a666988	https://github.com/neurodesk/neurocontainers/actions/runs/34298658178/job/102300709134
nipype | x86_64	success	b44a7030c3317ac81aa9020780dc3409487464f0	https://github.com/neurodesk/neurocontainers/actions/runs/34285418838/job/102259803339
noddi | x86_64	success	0871231e2460e7a0218cf2f26ba60bdecc902779	https://github.com/neurodesk/neurocontainers/actions/runs/34131373058/job/101772163397
openads | x86_64	success	0871231e2460e7a0218cf2f26ba60bdecc902779	https://github.com/neurodesk/neurocontainers/actions/runs/34131373058/job/101772163231
openadscpu | x86_64	success	a7241f375f194b2f41ea1ddf2927afa86389d4c1	https://github.com/neurodesk/neurocontainers/actions/runs/34284368227/job/102256438227
openmsk | x86_64	success	0871231e2460e7a0218cf2f26ba60bdecc902779	https://github.com/neurodesk/neurocontainers/actions/runs/34131373058/job/101772163588
openreconexample | x86_64	success	0871231e2460e7a0218cf2f26ba60bdecc902779	https://github.com/neurodesk/neurocontainers/actions/runs/34131373058/job/101772163505
openreconi2iexample | x86_64	success	0871231e2460e7a0218cf2f26ba60bdecc902779	https://github.com/neurodesk/neurocontainers/actions/runs/34131373058/job/101772163854
openrefine | x86_64	success	669ee1cc9622fc65e71f77ca34717d5d2a666988	https://github.com/neurodesk/neurocontainers/actions/runs/34298722483/job/102300917712
openrefine_arm64 | aarch64	success	669ee1cc9622fc65e71f77ca34717d5d2a666988	https://github.com/neurodesk/neurocontainers/actions/runs/34298658178/job/102300709128
oshyx | x86_64	success	0871231e2460e7a0218cf2f26ba60bdecc902779	https://github.com/neurodesk/neurocontainers/actions/runs/34131373058/job/101772163933
osprey | x86_64	success	669ee1cc9622fc65e71f77ca34717d5d2a666988	https://github.com/neurodesk/neurocontainers/actions/runs/34298722483/job/102300917829
ospreybids | x86_64	success	0871231e2460e7a0218cf2f26ba60bdecc902779	https://github.com/neurodesk/neurocontainers/actions/runs/34131373058/job/101772164007
palm | x86_64	success	0871231e2460e7a0218cf2f26ba60bdecc902779	https://github.com/neurodesk/neurocontainers/actions/runs/34131373058/job/101772164001
palmettobug | x86_64	success	237eeab254d4478355d43ac88eb32ae8f1aacd24	https://github.com/neurodesk/neurocontainers/actions/runs/34130947151/job/101770701432
pals | x86_64	success	a7241f375f194b2f41ea1ddf2927afa86389d4c1	https://github.com/neurodesk/neurocontainers/actions/runs/34284368227/job/102256438189
panoptica | x86_64	success	669ee1cc9622fc65e71f77ca34717d5d2a666988	https://github.com/neurodesk/neurocontainers/actions/runs/34298722483/job/102300918224
pcntoolkit | x86_64	success	669ee1cc9622fc65e71f77ca34717d5d2a666988	https://github.com/neurodesk/neurocontainers/actions/runs/34298722483/job/102300918242
petprep | x86_64	success	669ee1cc9622fc65e71f77ca34717d5d2a666988	https://github.com/neurodesk/neurocontainers/actions/runs/34298722483/job/102300918238
petu | x86_64	success	0871231e2460e7a0218cf2f26ba60bdecc902779	https://github.com/neurodesk/neurocontainers/actions/runs/34131373058/job/101772164870
physio | x86_64	success	0871231e2460e7a0218cf2f26ba60bdecc902779	https://github.com/neurodesk/neurocontainers/actions/runs/34131373058/job/101772165070
prequal | x86_64	success	38cd3c62dea9f3af4af13a45fa6edbf4d94c1426	https://github.com/neurodesk/neurocontainers/actions/runs/34299590103/job/102303519178
prostatefiducialseg | x86_64	success	f3c5d3ea9c933936967f637b85b57108ad693c8b	https://github.com/neurodesk/neurocontainers/actions/runs/34315958615/job/102352152488
prostatefiducialseg_arm64 | aarch64	success	f3c5d3ea9c933936967f637b85b57108ad693c8b	https://github.com/neurodesk/neurocontainers/actions/runs/34315958615/job/102352152539
pydeface | x86_64	success	669ee1cc9622fc65e71f77ca34717d5d2a666988	https://github.com/neurodesk/neurocontainers/actions/runs/34298722483/job/102300918344
qmrlab | x86_64	success	0871231e2460e7a0218cf2f26ba60bdecc902779	https://github.com/neurodesk/neurocontainers/actions/runs/34131373058/job/101772165127
qsiprep | x86_64	success	669ee1cc9622fc65e71f77ca34717d5d2a666988	https://github.com/neurodesk/neurocontainers/actions/runs/34298722483/job/102300918439
qsirecon | x86_64	success	669ee1cc9622fc65e71f77ca34717d5d2a666988	https://github.com/neurodesk/neurocontainers/actions/runs/34298722483/job/102300918496
qsmbly | x86_64	success	669ee1cc9622fc65e71f77ca34717d5d2a666988	https://github.com/neurodesk/neurocontainers/actions/runs/34298722483/job/102300918594
qsmxt | x86_64	success	237eeab254d4478355d43ac88eb32ae8f1aacd24	https://github.com/neurodesk/neurocontainers/actions/runs/34130947151/job/101770701363
quickshear | x86_64	success	0871231e2460e7a0218cf2f26ba60bdecc902779	https://github.com/neurodesk/neurocontainers/actions/runs/34131373058/job/101772165260
qupath | x86_64	success	669ee1cc9622fc65e71f77ca34717d5d2a666988	https://github.com/neurodesk/neurocontainers/actions/runs/34298722483/job/102300918525
rabies | x86_64	success	ab577dbf29e08efa9c7ff85e6a4efb67554192d3	https://github.com/neurodesk/neurocontainers/actions/runs/34315721827/job/102351473461
radtract | x86_64	success	0871231e2460e7a0218cf2f26ba60bdecc902779	https://github.com/neurodesk/neurocontainers/actions/runs/34131373058/job/101772165278
rapidtide | x86_64	success	669ee1cc9622fc65e71f77ca34717d5d2a666988	https://github.com/neurodesk/neurocontainers/actions/runs/34298722483/job/102300919006
relion | x86_64	success	0871231e2460e7a0218cf2f26ba60bdecc902779	https://github.com/neurodesk/neurocontainers/actions/runs/34131373058/job/101772165369
romeo | x86_64	success	0871231e2460e7a0218cf2f26ba60bdecc902779	https://github.com/neurodesk/neurocontainers/actions/runs/34131373058/job/101772165595
root | x86_64	success	0871231e2460e7a0218cf2f26ba60bdecc902779	https://github.com/neurodesk/neurocontainers/actions/runs/34131373058/job/101772166443
rshrf | x86_64	success	13fdb1eba6feac899cd9c66e466efc1772c0a597	https://github.com/neurodesk/neurocontainers/actions/runs/34315497170/job/102350770782
rstudio | x86_64	success	af4b1cc136e8b622d5de7e6084c6de4da93b1265	https://github.com/neurodesk/neurocontainers/actions/runs/34297376581/job/102296871799
samri | x86_64	success	396c5013c639845b4cd609dcc0822680f6fae027	https://github.com/neurodesk/neurocontainers/actions/runs/34315446561/job/102350624862
samsrfx | x86_64	success	2cf476642430667f6d601ac57bea6456400f833b	https://github.com/neurodesk/neurocontainers/actions/runs/34282838480/job/102251500969
segmentator | x86_64	success	669ee1cc9622fc65e71f77ca34717d5d2a666988	https://github.com/neurodesk/neurocontainers/actions/runs/34298722483/job/102300919267
segmentator_arm64 | aarch64	success	669ee1cc9622fc65e71f77ca34717d5d2a666988	https://github.com/neurodesk/neurocontainers/actions/runs/34298658178/job/102300709903
sigviewer | x86_64	success	62e3d70fe728ca3ec7b1aad4d1b2bea30672fdac	https://github.com/neurodesk/neurocontainers/actions/runs/34285493067/job/102260067222
slicer | x86_64	success	d0f9d9d8deb322f0e222ee11127e9f42d6b9c877	https://github.com/neurodesk/neurocontainers/actions/runs/34296977152/job/102295665924
slicersalt | x86_64	success	0871231e2460e7a0218cf2f26ba60bdecc902779	https://github.com/neurodesk/neurocontainers/actions/runs/34131373058/job/101772166655
sodiumgridding | x86_64	success	0871231e2460e7a0218cf2f26ba60bdecc902779	https://github.com/neurodesk/neurocontainers/actions/runs/34131373058/job/101772166711
sodiumgriddingptpi | x86_64	success	08357d23d46b03658f8d74671ac700ad72bf55af	https://github.com/neurodesk/neurocontainers/actions/runs/34283098244/job/102252307765
sodiumnufft | x86_64	success	0871231e2460e7a0218cf2f26ba60bdecc902779	https://github.com/neurodesk/neurocontainers/actions/runs/34131373058/job/101772166694
soopct | x86_64	success	2cf476642430667f6d601ac57bea6456400f833b	https://github.com/neurodesk/neurocontainers/actions/runs/34282838480/job/102251500961
sovabids | x86_64	success	402d8978520c699ac0d1e0b470b10b2e4efc3c66	https://github.com/neurodesk/neurocontainers/actions/runs/34297350084/job/102296790758
spant | x86_64	success	0871231e2460e7a0218cf2f26ba60bdecc902779	https://github.com/neurodesk/neurocontainers/actions/runs/34131373058/job/101772167632
spant_arm64 | aarch64	success	0871231e2460e7a0218cf2f26ba60bdecc902779	https://github.com/neurodesk/neurocontainers/actions/runs/34131373058/job/101772168098
spinalcordtoolbox | x86_64	success	0871231e2460e7a0218cf2f26ba60bdecc902779	https://github.com/neurodesk/neurocontainers/actions/runs/34131373058/job/101772167950
spinalcordtoolbox_gpu | x86_64	success	0871231e2460e7a0218cf2f26ba60bdecc902779	https://github.com/neurodesk/neurocontainers/actions/runs/34131373058/job/101772168136
spm12 | x86_64	success	0871231e2460e7a0218cf2f26ba60bdecc902779	https://github.com/neurodesk/neurocontainers/actions/runs/34131373058/job/101772168013
spm12bi | x86_64	success	08357d23d46b03658f8d74671ac700ad72bf55af	https://github.com/neurodesk/neurocontainers/actions/runs/34283098244/job/102252307889
spm25 | x86_64	success	669ee1cc9622fc65e71f77ca34717d5d2a666988	https://github.com/neurodesk/neurocontainers/actions/runs/34298722483/job/102300919271
spmpython | x86_64	success	669ee1cc9622fc65e71f77ca34717d5d2a666988	https://github.com/neurodesk/neurocontainers/actions/runs/34298722483/job/102300919278
spmpython_arm64 | aarch64	success	669ee1cc9622fc65e71f77ca34717d5d2a666988	https://github.com/neurodesk/neurocontainers/actions/runs/34298658178/job/102300710071
startrack | x86_64	success	0871231e2460e7a0218cf2f26ba60bdecc902779	https://github.com/neurodesk/neurocontainers/actions/runs/34131373058/job/101772168269
surfice | x86_64	success	0871231e2460e7a0218cf2f26ba60bdecc902779	https://github.com/neurodesk/neurocontainers/actions/runs/34131373058/job/101772168120
svrtk | x86_64	success	0871231e2460e7a0218cf2f26ba60bdecc902779	https://github.com/neurodesk/neurocontainers/actions/runs/34131373058/job/101772168348
syncro | x86_64	success	cea102c7b92f329adebe40f8cc1893b4bb4bc43d	https://github.com/neurodesk/neurocontainers/actions/runs/34284717915/job/102257588725
synthseg | x86_64	success	0871231e2460e7a0218cf2f26ba60bdecc902779	https://github.com/neurodesk/neurocontainers/actions/runs/34131373058/job/101772169091
synthstrip | x86_64	success	2cf476642430667f6d601ac57bea6456400f833b	https://github.com/neurodesk/neurocontainers/actions/runs/34282838480/job/102251500989
synthstroke | x86_64	success	cb8f78c21069989feffc4064873e85b009056436	https://github.com/neurodesk/neurocontainers/actions/runs/34284406620/job/102256604557
template | x86_64	success	0871231e2460e7a0218cf2f26ba60bdecc902779	https://github.com/neurodesk/neurocontainers/actions/runs/34131373058/job/101772169626
terastitcher | x86_64	success	0871231e2460e7a0218cf2f26ba60bdecc902779	https://github.com/neurodesk/neurocontainers/actions/runs/34131373058/job/101772169779
tgvqsm | x86_64	success	8da82616915ded82152b1e3c31b4ba293b64e28d	https://github.com/neurodesk/neurocontainers/actions/runs/34297938258/job/102298553128
tinyrange | x86_64	success	396c5013c639845b4cd609dcc0822680f6fae027	https://github.com/neurodesk/neurocontainers/actions/runs/34315368714/job/102350390652
tinyrange_arm64 | aarch64	success	396c5013c639845b4cd609dcc0822680f6fae027	https://github.com/neurodesk/neurocontainers/actions/runs/34315368714/job/102350390728
topaz | x86_64	success	2cf476642430667f6d601ac57bea6456400f833b	https://github.com/neurodesk/neurocontainers/actions/runs/34282838480/job/102251501010
topaz_arm64 | aarch64	success	2cf476642430667f6d601ac57bea6456400f833b	https://github.com/neurodesk/neurocontainers/actions/runs/34282838480/job/102251500897
topofit | x86_64	success	0871231e2460e7a0218cf2f26ba60bdecc902779	https://github.com/neurodesk/neurocontainers/actions/runs/34131373058/job/101772170198
totalsegmentator | x86_64	success	2cf476642430667f6d601ac57bea6456400f833b	https://github.com/neurodesk/neurocontainers/actions/runs/34282879917/job/102251640557
totalsegmentator_arm64 | aarch64	success	2cf476642430667f6d601ac57bea6456400f833b	https://github.com/neurodesk/neurocontainers/actions/runs/34282879917/job/102251640474
trackvis | x86_64	success	0871231e2460e7a0218cf2f26ba60bdecc902779	https://github.com/neurodesk/neurocontainers/actions/runs/34131373058/job/101772170904
tractseg | x86_64	success	de3d304ea83b7237672f636be40a15025e4714e9	https://github.com/neurodesk/neurocontainers/actions/runs/34317284650/job/102356106415
vertexwiser | x86_64	success	0871231e2460e7a0218cf2f26ba60bdecc902779	https://github.com/neurodesk/neurocontainers/actions/runs/34131373058/job/101772171389
vesselboost | x86_64	success	0871231e2460e7a0218cf2f26ba60bdecc902779	https://github.com/neurodesk/neurocontainers/actions/runs/34131373058/job/101772171560
vesselvio | x86_64	success	669ee1cc9622fc65e71f77ca34717d5d2a666988	https://github.com/neurodesk/neurocontainers/actions/runs/34298014655/job/102298811287
vesselvio_arm64 | aarch64	success	669ee1cc9622fc65e71f77ca34717d5d2a666988	https://github.com/neurodesk/neurocontainers/actions/runs/34298014655/job/102298811218
vina | x86_64	success	2cf476642430667f6d601ac57bea6456400f833b	https://github.com/neurodesk/neurocontainers/actions/runs/34282838480/job/102251500963
vina_arm64 | aarch64	success	2cf476642430667f6d601ac57bea6456400f833b	https://github.com/neurodesk/neurocontainers/actions/runs/34282838480/job/102251500934
vmtk | x86_64	success	669ee1cc9622fc65e71f77ca34717d5d2a666988	https://github.com/neurodesk/neurocontainers/actions/runs/34298722483/job/102300919388
voreen | x86_64	success	669ee1cc9622fc65e71f77ca34717d5d2a666988	https://github.com/neurodesk/neurocontainers/actions/runs/34298722483/job/102300919548
wftfi | x86_64	success	0871231e2460e7a0218cf2f26ba60bdecc902779	https://github.com/neurodesk/neurocontainers/actions/runs/34131373058/job/101772172201
workshopdemo | x86_64	success	2cf476642430667f6d601ac57bea6456400f833b	https://github.com/neurodesk/neurocontainers/actions/runs/34282879917/job/102251640565
workshopdemo_arm64 | aarch64	success	2cf476642430667f6d601ac57bea6456400f833b	https://github.com/neurodesk/neurocontainers/actions/runs/34282879917/job/102251641595
xcpd | x86_64	success	0871231e2460e7a0218cf2f26ba60bdecc902779	https://github.com/neurodesk/neurocontainers/actions/runs/34131373058/job/101772172555
xnat | x86_64	success	6a83f356446d581646d65e409142998f649bb70e	https://github.com/neurodesk/neurocontainers/actions/runs/34300525911/job/102306297943
xnat_arm64 | aarch64	success	6a83f356446d581646d65e409142998f649bb70e	https://github.com/neurodesk/neurocontainers/actions/runs/34300525911/job/102306297905
